training noise-level and iteration, test noise-level, epoch, reconstruction error, kl-divergence, cost
0.0 0, 0.0, 0, 0.1844315528869629, 434042.84106113657, 434227.27261402353
0.0 0, 0.02, 0, 0.1844213753938675, 434051.00997982273, 434235.4313552166
0.0 0, 0.04, 0, 0.18441425263881683, 434079.0194414112, 434263.43369405
